threshold,bots_recall,normal_fpr
-0.44,1.0,0.5721143692360299
-0.4405,1.0,0.5689296238312822
-0.441,1.0,0.565848801697637
-0.4415,1.0,0.5626506468385535
-0.442,1.0,0.559278169073105
-0.4425,1.0,0.5559023389440725
-0.443,1.0,0.5527511171751643
-0.4435,1.0,0.5494322772270589
-0.444,1.0,0.5462508841858953
-0.4445,1.0,0.5427141406048335
-0.445,1.0,0.5387080661220194
-0.4455,1.0,0.5348562003640667
-0.446,0.993127147766323,0.5301662437101278
-0.4465,0.9656357388316151,0.5257344190521527
-0.447,0.9278350515463918,0.5223418271052005
-0.4475,0.8934707903780069,0.5191168533374456
-0.448,0.8213058419243986,0.5160662024760557
-0.4485,0.7663230240549829,0.5133541403366444
-0.449,0.7216494845360825,0.5107292396504155
-0.4495,0.7079037800687286,0.5080171775110042
-0.45,0.697594501718213,0.5052078968276583
-0.4505,0.6941580756013745,0.5024455492344878
-0.451,0.6907216494845361,0.4994351267361053
-0.4515,0.6907216494845361,0.49576093624810175
-0.452,0.6872852233676976,0.4918956610358133
-0.4525,0.6872852233676976,0.48755099783102074
-0.453,0.6838487972508591,0.4838198171620901
-0.4535,0.6804123711340206,0.48003164631223244
-0.454,0.6769759450171822,0.47688042454332424
-0.4545,0.6769759450171822,0.47411807695015373
-0.455,0.6769759450171822,0.47135908172056706
-0.4555,0.6769759450171822,0.4683419544950167
-0.456,0.6769759450171822,0.4653047130879627
-0.4565,0.6769759450171822,0.462002634957777
-0.457,0.6769759450171822,0.4586033382836569
-0.4575,0.6769759450171822,0.45512023251993816
-0.458,0.6769759450171822,0.4518148020261685
-0.4585,0.6769759450171822,0.448988759524903
-0.459,0.6769759450171822,0.446558295926543
-0.4595,0.6769759450171822,0.44375907233394907
-0.46,0.6769759450171822,0.441331961099173
-0.4605,0.6769759450171822,0.4384589855077322
-0.461,0.6769759450171822,0.43586760845734285
-0.4615,0.6769759450171822,0.43369862921853053
-0.462,0.6769759450171822,0.4312916321652581
-0.4625,0.6769759450171822,0.42891815874782513
-0.463,0.6769759450171822,0.4261993918812459
-0.4635,0.6769759450171822,0.4234403966516593
-0.464,0.6769759450171822,0.4210669232342263
-0.4645,0.6769759450171822,0.41885771563240665
-0.465,0.6769759450171822,0.41630991930860856
-0.4655,0.6769759450171822,0.4138124084385696
-0.466,0.6769759450171822,0.41118415538875686
-0.4665,0.6769759450171822,0.4084787979765133
-0.467,0.6769759450171822,0.40563264129374416
-0.4675,0.6769759450171822,0.40180759444446307
-0.468,0.6769759450171822,0.39613539526042835
-0.4685,0.6769759450171822,0.39025534953418906
-0.469,0.6735395189003437,0.3862626845057108
-0.4695,0.6735395189003437,0.3835673841842191
-0.47,0.6735395189003437,0.3810732256777641
-0.4705,0.6735395189003437,0.3782773544487541
-0.471,0.6735395189003437,0.3760111566660074
-0.4715,0.6735395189003437,0.3737918919734359
-0.472,0.6735395189003437,0.37176371200514924
-0.4725,0.6735395189003437,0.36910528768308093
-0.473,0.6735395189003437,0.3665105582691076
-0.4735,0.6735395189003437,0.36417060848751415
-0.474,0.6735395189003437,0.36176696379782564
-0.4745,0.6735395189003437,0.3591387107480129
-0.475,0.6735395189003437,0.3562020402484772
-0.4755,0.6735395189003437,0.3536710057425988
-0.476,0.6597938144329897,0.3513377606881732
-0.4765,0.6563573883161512,0.34843461382447694
-0.477,0.6460481099656358,0.34546777205268575
-0.4775,0.6185567010309279,0.34271883391385094
-0.478,0.6013745704467354,0.3400268859559432
-0.4785,0.5910652920962199,0.3371673198188383
-0.479,0.5876288659793815,0.3346061140407044
-0.4795,0.5738831615120275,0.33180018572094255
-0.48,0.5670103092783505,0.3290545999456917
-0.4805,0.5292096219931272,0.32614139599124364
-0.481,0.5189003436426117,0.3233052963992263
-0.4815,0.5085910652920962,0.3206535768043259
-0.482,0.49828178694158076,0.31783088666664433
-0.4825,0.48109965635738833,0.3157121928815912
-0.483,0.48109965635738833,0.3133051958283188
-0.4835,0.47079037800687284,0.310797627867528
-0.484,0.47079037800687284,0.30855824899345285
-0.4845,0.47079037800687284,0.30629205121070613
-0.485,0.4536082474226804,0.30382806397650663
-0.4855,0.45017182130584193,0.3015015236492489
-0.486,0.44673539518900346,0.299366068046276
-0.4865,0.44673539518900346,0.2968383859039816
-0.487,0.44329896907216493,0.29471298739176055
-0.4875,0.44329896907216493,0.2925875888795395
-0.488,0.44329896907216493,0.290737084181202
-0.4885,0.44329896907216493,0.2887223136672511
-0.489,0.44329896907216493,0.28690868496833694
-0.4895,0.44329896907216493,0.28515539881393376
-0.49,0.44329896907216493,0.28260760249013567
-0.4905,0.44329896907216493,0.27837691964719724
-0.491,0.44329896907216493,0.27421328407593776
-0.4915,0.43986254295532645,0.2697714023272108
-0.492,0.43986254295532645,0.26727053909358794
-0.4925,0.43986254295532645,0.2646624002252788
-0.493,0.4329896907216495,0.2619268715407798
-0.4935,0.4261168384879725,0.2597344257568799
-0.494,0.422680412371134,0.2574950468828047
-0.4945,0.422680412371134,0.25555402836770064
-0.495,0.422680412371134,0.25336493494738466
-0.4955,0.422680412371134,0.2514708495224558
-0.496,0.422680412371134,0.24959352591544667
-0.4965,0.422680412371134,0.24761227903733526
-0.497,0.422680412371134,0.24529244343724543
-0.4975,0.422680412371134,0.24320727328803174
-0.498,0.422680412371134,0.2414707489515483
-0.4985,0.422680412371134,0.23948279734626898
-0.499,0.422680412371134,0.23696517229472638
-0.4995,0.422680412371134,0.23422964361022738
-0.5,0.422680412371134,0.23190310328296965
-0.5005,0.41924398625429554,0.2295363345927046
-0.501,0.41924398625429554,0.22725337499203813
-0.5015,0.41924398625429554,0.2251212717526492
-0.502,0.41924398625429554,0.22295564487742084
-0.5025,0.41580756013745707,0.2204044961900388
-0.503,0.41237113402061853,0.21815170786162785
-0.5035,0.40893470790378006,0.21620063225577194
-0.504,0.4054982817869416,0.21396125338169678
-0.5045,0.4020618556701031,0.21171852214403766
-0.505,0.39862542955326463,0.2094959050878822
-0.5055,0.3917525773195876,0.2073135163947341
-0.506,0.3917525773195876,0.20531886006228692
-0.5065,0.3917525773195876,0.20358568808938743
-0.507,0.38831615120274915,0.20188603975232738
-0.5075,0.38831615120274915,0.2001528677794279
-0.508,0.38144329896907214,0.19819843980998803
-0.5085,0.38144329896907214,0.19653231510876742
-0.509,0.37800687285223367,0.19375991042484503
-0.5095,0.3745704467353952,0.19127916137272585
-0.51,0.3642611683848797,0.18915711522408873
-0.5105,0.3642611683848797,0.18724626798124017
-0.511,0.3642611683848797,0.1853354207383916
-0.5115,0.36082474226804123,0.1835653727660687
-0.512,0.36082474226804123,0.1818958957012642
-0.5125,0.36082474226804123,0.1798576586422257
-0.513,0.36082474226804123,0.17790323067278585
-0.5135,0.35051546391752575,0.17530850125881253
-0.514,0.35051546391752575,0.17335407328937266
-0.5145,0.35051546391752575,0.16979386316322323
-0.515,0.35051546391752575,0.16796347264638933
-0.5155,0.3436426116838488,0.16623700540065772
-0.516,0.3436426116838488,0.1641652447057798
-0.5165,0.3402061855670103,0.16232814946177804
-0.517,0.3402061855670103,0.16090004257501753
-0.5175,0.3402061855670103,0.15917022296570196
-0.518,0.3402061855670103,0.1573197182673644
-0.5185,0.3402061855670103,0.15551279429561812
-0.519,0.33676975945017185,0.15378967941347046
-0.5195,0.33676975945017185,0.15240515325330123
-0.52,0.33676975945017185,0.15064181000814625
